INSERT INTO items(id, name, stock, price) VALUES (100, '돗자리', 3, 0);
INSERT INTO items(id, name, stock, price) VALUES (101, '캠핑 박스', 3, 0);
INSERT INTO items(id, name, stock, price) VALUES (102, '램프', 3, 0);
INSERT INTO items(id, name, stock, price) VALUES (103, '알전구', 3, 0);
INSERT INTO items(id, name, stock, price) VALUES (104, '블루투스 스피커', 3, 0);
INSERT INTO items(id, name, stock, price) VALUES (105, '테이블보', 3, 0);
INSERT INTO items(id, name, stock, price) VALUES (106, '담요', 3, 0);
INSERT INTO items(id, name, stock, price) VALUES (107, '종량제 10L', 30, 0);
INSERT INTO items(id, name, stock, price) VALUES (108, '파우치', 3, 0);

INSERT INTO items(id, name, stock, price) VALUES (200, '종이컵', 300, 100);
INSERT INTO items(id, name, stock, price) VALUES (201, '일회용 접시', 300, 140);
INSERT INTO items(id, name, stock, price) VALUES (202, '일회용 젓가락', 300, 50);
INSERT INTO items(id, name, stock, price) VALUES (203, '물티슈 (0매입)', 300, 1000);
INSERT INTO items(id, name, stock, price) VALUES (204, '위생 장갑', 300, 100);
INSERT INTO items(id, name, stock, price) VALUES (205, '티슈', 300, 500);


INSERT INTO dozzaris(id, name) VALUES ('dozzari1','도짜리 1호');
INSERT INTO dozzaris(id, name) VALUES ('dozzari2','도짜리 2호');
INSERT INTO dozzaris(id, name) VALUES ('dozzari3','도짜리 3호');

INSERT INTO dozzari_items(dozzari_id, item_id, quantity) VALUES ('dozzari1', 100, 1);
INSERT INTO dozzari_items(dozzari_id, item_id, quantity) VALUES ('dozzari1', 101, 1);
INSERT INTO dozzari_items(dozzari_id, item_id, quantity) VALUES ('dozzari1', 102, 1);
INSERT INTO dozzari_items(dozzari_id, item_id, quantity) VALUES ('dozzari1', 103, 1);
INSERT INTO dozzari_items(dozzari_id, item_id, quantity) VALUES ('dozzari1', 104, 1);
INSERT INTO dozzari_items(dozzari_id, item_id, quantity) VALUES ('dozzari1', 105, 1);
INSERT INTO dozzari_items(dozzari_id, item_id, quantity) VALUES ('dozzari1', 106, 1);
INSERT INTO dozzari_items(dozzari_id, item_id, quantity) VALUES ('dozzari1', 107, 1);
INSERT INTO dozzari_items(dozzari_id, item_id, quantity) VALUES ('dozzari1', 108, 1);

INSERT INTO dozzari_items(dozzari_id, item_id, quantity) VALUES ('dozzari2', 100, 1);
INSERT INTO dozzari_items(dozzari_id, item_id, quantity) VALUES ('dozzari2', 101, 1);
INSERT INTO dozzari_items(dozzari_id, item_id, quantity) VALUES ('dozzari2', 102, 1);
INSERT INTO dozzari_items(dozzari_id, item_id, quantity) VALUES ('dozzari2', 103, 1);
INSERT INTO dozzari_items(dozzari_id, item_id, quantity) VALUES ('dozzari2', 104, 1);
INSERT INTO dozzari_items(dozzari_id, item_id, quantity) VALUES ('dozzari2', 105, 1);
INSERT INTO dozzari_items(dozzari_id, item_id, quantity) VALUES ('dozzari2', 106, 1);
INSERT INTO dozzari_items(dozzari_id, item_id, quantity) VALUES ('dozzari2', 107, 1);
INSERT INTO dozzari_items(dozzari_id, item_id, quantity) VALUES ('dozzari2', 108, 1);

INSERT INTO dozzari_items(dozzari_id, item_id, quantity) VALUES ('dozzari3', 100, 1);
INSERT INTO dozzari_items(dozzari_id, item_id, quantity) VALUES ('dozzari3', 101, 1);
INSERT INTO dozzari_items(dozzari_id, item_id, quantity) VALUES ('dozzari3', 102, 1);
INSERT INTO dozzari_items(dozzari_id, item_id, quantity) VALUES ('dozzari3', 103, 1);
INSERT INTO dozzari_items(dozzari_id, item_id, quantity) VALUES ('dozzari3', 104, 1);
INSERT INTO dozzari_items(dozzari_id, item_id, quantity) VALUES ('dozzari3', 105, 1);
INSERT INTO dozzari_items(dozzari_id, item_id, quantity) VALUES ('dozzari3', 106, 1);
INSERT INTO dozzari_items(dozzari_id, item_id, quantity) VALUES ('dozzari3', 107, 1);
INSERT INTO dozzari_items(dozzari_id, item_id, quantity) VALUES ('dozzari3', 108, 1);
